"id";"code";"key";"name";"price";"price_old";"brief";"description1";"description2";"categories";"title";"keywords";"description";"label";"main";"disabled"
"20";"";"razdolnaya8";"Отрадная, 4 (Залесье)";"1150000";"1300000";"89617886211";" Студии в Залесье, от 24 до 43 кв.м. А также двух- и трехкомнатные квартиры в ""Залесье""! Самая полная база квартир! Квартира-студия от 1150 т.р.  
С уважением Алексей, 89617886211";" Продаются оборудованные студии в Залесье. В квартирах установлен кухонный гарнитур, кровать, шкаф, стиральная машина, микроволновка, стол, стулья и т.д.! Заезжай и живи или сдавай и получай прибыль с первого дня покупки квартиры!
Помощь в оформлении ипотеки:
- Самые выгодные условия
-Одобрение - 100%
- Ставка от 11,75%";"Студии";"";"студия, куплю, срочно, челябинск, залесье";"";"discount";"0";"0"
"40";"";"40-250-let-chelyabinsku-79";"ЖК ""Тополиная аллея""";"1490000";"";"Жилой комплекс ""Тополиная аллея""";" Большой выбор новых квартир на Тополиной Аллее! Оформление всех документов и сопровождение сделки в подарок! Обмен Вашего жилья на новое!

Новый каркасно-монолитный дом на Тополиной Аллее:
Хорошая звукоизоляция;
Высокий уровень теплоизоляции, позволяющий экономить на отоплении квартиры и сохранять комфортную температуру в любое время года;
Разнообразие планировочных решений квартир. Эффективное использование пространства в небольших квартирах-студиях, однокомнатных и двухкомнатных квартирах. А также отличные планировки просторных трехкомнатных квартир.
Предчистовая отделка квартир:
Входная металлическая дверь;
Пластиковые окна без откосов;
Стяжка пола;
Штакатурные работы;
Электроразводка;
Монтажные работы по устройству домофона;
Радиоразводка;
ТВ-кабель;
Межкомнатные дверные проемы.
Кроме того, в этом доме:
Подъезды и холлы, оформленные по уникальному дизайн-проекту;
Скоростные лифты фирмы Otis;
Парковка во дворе дома рассчитана на обеспечение каждой квартиры не менее чем одним местом для машины;
Благоустроенный двор: игровая площадка для детей, спортивная площадка для старших школьников и взрослых, озеленение двора.

Однокомнатные - от 1 490 000 рублей.
Двухкомнатные - от 2 490 000 рублей.
Трехкомнатные - от 2 870 000 рублей.";" ";"Новостройки,Вторичная недвижимость";"тополиная, аллея";"Тополиная аллея, челябинск, новостройка, квартиры, куплю, недвижимость";"Тополиная аллея челябинск, квартиры на тополиной аллее";"";"1";"0"
"47";"";"47-truda-162";"Труда, 162";"92000";"";"Сдается офисное помещение, 115 и 87 кв.м.";" Сдается офисное помещение в деловом центре. Рядом МФЦ, отделения банков, ТРК и т.д. Полная евроотделка, доступ круглосуточно, парковка за шлагбаумом. 800р/кв.м. Площадь 115 кв.м. Комнаты 30, 22, 20, 18 квадратов + вспомогательные помещения (коридор, с/у). Помещение сдается без посредников. Также есть 87 кв.м. (70000 руб.)";" Сдается офисное помещение в деловом центре. Рядом МФЦ, отделения банков, ТРК и т.д. Полная евроотделка, доступ круглосуточно, парковка за шлагбаумом. 800р/кв.м. Площадь 115 кв.м. Комнаты 30, 22, 20, 18 квадратов + вспомогательные помещения (коридор, с/у). Помещение сдается без посредников.  Также есть 87 кв.м. (70000 руб.)";"Аренда";"";"";"";"";"0";"0"
"58";"";"58-ul-truda-3-str";"ЖК ""Манхэттен""";"2315000";"";"Жилой комплекс ""Манхэттен""";" ЖК «Манхэттен» – знаковый для Челябинска проект, который сформирует новый облик города. Этот проект выведет челябинские жилые комплексы на качественно новый уровень.
В домах ЖК «Манхэттен»:
Бесшумные лифты фирмы Otis;
Двухэтажная подземная парковка;
Дизайнерское оформление подъездов
Консьерж в каждом доме;
Закрытый охраняемый двор;
Надежная управляющая компания;
Детские и спортивные площадки во дворе;
Благоустроенная набережная реки Миасс.
Предчистовая отделка квартир:
Стяжка пола;
Выравнивание и оштукатуривание стен;
Выравнивание потолка;
Разводка электрики;
Разводка водопровода и канализации;
Установлены пластиковые окна КВЕ;
Установлена качественная металлическая входная дверь.

Однокомнатные - от 2 315 000 рублей.
Двухкомнатные - от 2 334 000 рублей.
Трехкомнатные - от 3 914 000 рублей.

Большой выбор этажей и планировок!";" ";"Новостройки,Вторичная недвижимость";"";"челябинск, новостройка, квартиры, куплю, недвижимость, манхэттен";"купить квартиру в жк манхэттен, квартиры в манхэттене";"";"1";"0"
"82";"";"82-ul-bratev-kashirinykh-8a";"ЖК ""Кировский""";"1967000";"";"Жилой комплекс ""Кировский""";" Кирпичный дом в ЖК «Кировский»:
Квартиры с высокой тепло- и звукоизоляцией;
Свободная планировка квартир;
Закрытая благоустроенная территория;
Современные игровые площадки для детей;
Консьерж в каждом подъезде;
2 бесшумных лифта фирмы Otis (грузовой и пассажирский);
Великолепная отделка подъездов: кафельное напольное покрытие, интересное цветовое решение, освещение с датчиками движения.
Предчистовая отделка квартир:
Входная металлическая дверь;
Пластиковые окна без откосов;
Стяжка пола;
Штакатурные работы;
Электроразводка;
Монтажные работы по устройству домофона;
Радиоразводка;
ТВ-кабель;
Межкомнатные дверные проемы.


Однокомнатные - от 1 967 000 рублей.
Двухкомнатные - от 3 296 000 рублей.
Трехкомнатные - от 3 408 000 рублей.";" ";"Новостройки,Вторичная недвижимость";"";"новостройки, челябинск, куплю, квартиру, двухкомнатная, кировский, риэлтстройком";"квартиры в кировском, жилой комплекс кировский, новостройки в центре";"";"1";"0"
"91";"";"91-ul-kurchatova-29";"Дом на ""Курчатова""";"2865000";"";"Дом на ""Курчатова""";" Дом на Курчатова – это современный дом для тех, кто живет в ритме мегаполиса. Удобное расположение, большой выбор планировок квартир и современные материалы строительства создают пространство для тех, кто заботится о собственном комфорте.

Район и благоустройство.
Дом строится на пересечении улиц Курчатова и Энгельса. Только представьте, вы можете купить отличную квартиру в Центральном районе Челябинска! Тут уже есть вся необходимая инфраструктура: различные магазины (продукты, детские товары, строительные материалы и т.д.), школы и детские сады, спортивные центры и салоны красоты, отделения банков. Отсюда легко добраться до любого места в городе, а до проспекта Ленина можно доехать всего за пару минут.

Дом и планировки.
16-этажный дом строится по монолитно-каркасной технологии*, что гарантирует гибкость планировки квартир и хорошую звукоизоляцию. Жильцы оценят комфорт проживания в современной новостройке в центре Челябинска:

Красивые и безопасные подъезды.
Ухоженная территория рядом с домом.
Бесшумные скоростные лифты Otis.
Вентилируемый фасад (свободная циркуляция воздуха обеспечивает вывод лишней влаги, это позволяет стенам оставаться крепкими и держать тепло, уменьшая расходы на отопление)
Современная система отопления со счётчиками тепла.
Квартиры будут сдаваться с предчистовой отделкой:

Входные двери: металлические
Окна: пластиковые (без откосов), балконы застеклены
Стены и потолок: выровнены и отштукатурены
Электрика: разводка по квартирам
Водопровод и канализация: установлены
Стяжка пола
Домофон
 

*Монолитно-каркасная технология – это современный подход к жилищному строительству.

Новостройки, построенные по этому принципу, отличаются следующими преимуществами:

Превосходная звуко-, тепло-, гидроизоляция. В стенах домов нет швов и стыков, они хорошо держат тепло и снижают потребление энергии. По этой же причине нет риска подтопления соседями.
Долговечность и прочность. Надёжный каркас и плотная бетонная смесь позволяют дому выдерживать любые внешние воздействия. Например, сезонные смещения грунта или штормовые ветра.
Архитектурная гибкость. Несущими являются только колонны, это значит, что можно самостоятельно определить структуру своей квартиры и воплотить все дизайнерские идеи.
Правильный микроклимат. Зимой монолитно-каркасные дома хорошо держат тепло, летом же обеспечивают в квартирах прохладу.

Однокомнатные - от 2 865 000 рублей.
Двухкомнатные - от 3 735 000 рублей.
Трехкомнатные - от 5 056 000 рублей.
Выбор любых этажей!";" ";"Новостройки";"";"новостройки, челябинск, куплю, курчатова, квартиру, однокомнатную";"новостройки в центре челябинска, дом на курчатова,";"";"1";"0"
"137";"";"137-kommuny-80";"Коммуны, 80";"19000";"";"89193082855";" 2-комнатная, 4 этаж/10, 52 кв.м.";" Сдается двухкомнатная квартира в центре города, полностью оснащена мебелью и техникой! Фото соответствуют 100%! Квартира освобождается 1 октября. Цена 19000 в месяц + электроэнергия. Сдается на длительный срок порядочным людям. Квартира сдается через агентство, комиссия составляет 50% от месячной стоимости аренды! Звоните в любое время!";"";"";"сниму, квартиру, сдам квартиру, челябинск, центр";"";"";"0";"1"
"139";"";"139-cberbank-roccii";"СБЕРБАНК РОССИИ";"0";"";"Партнер компании ""Ликвид"" с 22.09.2014";" ";" ";"Компании партнеры";"";"";"";"";"0";"0"
"140";"";"140-c-oktyabrskoe-ul-covetskaya-116";"Село Октябрьское";"990000";"";"Продается дом 100 кв.м.";" Продается дом без внутренней отделки в селе Октябрьское, Октябрьский район, 120 км от Челябинска. Дом из пеноблока размером 11*12 метров. Площадь первого этажа 116 кв.м, второго около 80 кв.м. Крыша из профнастила, установлены евроокна, пол плиты + залита стяжка. Участок площадью 1126 кв.м Также на участке жилой дом 63 кв.м (вода в доме, туалет на улице). Электричество, газ на соседней улице, водоснабжение центральное. Срочно, ТОРГ очень хороший!
Помощь в оформлении ипотеки:
- Самые выгодные условия
-Одобрение - 100%
- Ставка от 11,75%";" Продается дом без внутренней отделки в селе Октябрьское, Октябрьский район, 120 км от Челябинска. Дом из пеноблока размером 11*12 метров. Площадь первого этажа 116 кв.м, второго около 80 кв.м. Крыша из профнастила, установлены евроокна, пол плиты + залита стяжка. Участок площадью 1126 кв.м Также на участке жилой дом 63 кв.м (вода в доме, туалет на улице). Электричество, газ на соседней улице, водоснабжение центральное. Срочно, ТОРГ очень хороший!
Помощь в оформлении ипотеки:
- Самые выгодные условия
-Одобрение - 100%
- Ставка от 11,75%";"Дома, коттеджи, таунхаусы, сады";"";"продам, куплю, дом, пригород, недвижимость, срочно, торг";"";"";"0";"1"
"148";"";"148-blagodatovo-ul-pustovogo-22";"Благодатово, ул. Пустового, 22";"6066000";"";"2 этажный, 134 кв.м., участок 1 сотка";" 2 этажный, 134 кв.м., участок 1 сотка
Большой выбор таунхаусов в Благодатово.

89617886211 - Алексей";" Таунхаусы по ценам застройщика, сопровождение сделки в подарок! Рассрочка на один год, ипотека! Большой выбор таунхаусов!
Срок сдачи конец 2014 г.
О поселке
Семейная резиденция «Благодатово» расположена на левом пологом берегу реки Миасс города Челябинска и ограничена улицами Академика Королева и Университетская набережная, что обеспечивает удобную транспортную доступность с другими районами города.
Соседство Шершневского бора и реки Миасс, обилие чистого воздуха и отдаленность от городского шума делает этот район настоящим экологическим оазисом мегаполиса.
Характеристики таунхаусов:
2-этажные дома;
Жилая площадь от 134 до 172 кв.м.;
Индивидуальная планировка;
Пластиковые окна;
Высокие потолки;
Гараж;";"Дома, коттеджи, таунхаусы, сады";"";"куплю, недвижимость, таунхаус, дом, коттедж, челябинск, благодатово";"";"new";"0";"0"
"162";"";"162-prostory-ul-prostory-51";"""Просторы""";"990000";"";"Новый микрорайон ""Просторы""";" Новый микрорайон Просторы! Заселение в конце 2014 года, полная чистовая отделка! Цена ниже чем у застройщика! 
Новый микрорайон «Просторы» расположился в юго-западном направлении от центральной части Челябинска, на расстоянии 6 км от кольцевой развязки на Шершневском водохранилище на вытянутом вдоль берега Шершней участке. Дорога от нового микрорайона до центра города на автомобиле займет не более 15 минут, а на общественном транспорте — не более 30 минут.
Выкуп Вашей квартиры, ипотека!

Студии - от 990 000 рублей.";" ";"Новостройки,Вторичная недвижимость";"";"куплю, квартиру, студия, однокомнатная, челябинск, просторы, шершни";"квартиры в просторах, микрорайон просторы челябинск, студия в просторах, двухкомнатная в просторах";"";"1";"0"
"166";"";"166-blagodatovo-ul-pustovogo-22";"Благодатово, ул. Пустового, 22";"6300000";"";"Таунхаус Благодатово. 89617886211 Алексей";" 2 этажа, 140 кв.м., 1 сотка";" Таунхаусы по ценам застройщика, сопровождение сделки в подарок! Рассрочка на один год, ипотека! Большой выбор таунхаусов!
Срок сдачи конец 2014 г.
О поселке
Семейная резиденция «Благодатово» расположена на левом пологом берегу реки Миасс города Челябинска и ограничена улицами Академика Королева и Университетская набережная, что обеспечивает удобную транспортную доступность с другими районами города.
Соседство Шершневского бора и реки Миасс, обилие чистого воздуха и отдаленность от городского шума делает этот район настоящим экологическим оазисом мегаполиса.
Характеристики таунхаусов:
2-этажные дома;
Жилая площадь от 134 до 172 кв.м.;
Индивидуальная планировка;
Пластиковые окна;
Высокие потолки;
Гараж;";"Дома, коттеджи, таунхаусы, сады";"";"куплю, таунхаус, благодатово, дам, недвижимость, шершни, челябинск";"";"new";"0";"0"
"167";"";"167-blagodatovo-ul-pustovogo-22";"Благодатово, ул. Пустового, 22";"6525000";"";"таунхаус 89617886211 Алексей";" 2 этажа, 145 кв.м., 1 сотка";" Таунхаусы по ценам застройщика, сопровождение сделки в подарок! Рассрочка на один год, ипотека! Большой выбор таунхаусов!
Срок сдачи конец 2014 г.
О поселке
Семейная резиденция «Благодатово» расположена на левом пологом берегу реки Миасс города Челябинска и ограничена улицами Академика Королева и Университетская набережная, что обеспечивает удобную транспортную доступность с другими районами города.
Соседство Шершневского бора и реки Миасс, обилие чистого воздуха и отдаленность от городского шума делает этот район настоящим экологическим оазисом мегаполиса.
Характеристики таунхаусов:
2-этажные дома;
Жилая площадь от 134 до 172 кв.м.;
Индивидуальная планировка;
Пластиковые окна;
Высокие потолки;
Гараж;";"Дома, коттеджи, таунхаусы, сады";"";"куплю, квартиру, челябинск, таунхаус, благодатово, шершни";"";"";"0";"0"
"168";"";"168-blagodatovo-ul-pustovogo-22";"Благодатово, ул. Пустового, 22";"7335000";"";"таунхаус 89617886211 Алексей";" 2 этажа, 163 кв.м., 1 сотка";" Таунхаусы по ценам застройщика, сопровождение сделки в подарок! Рассрочка на один год, ипотека! Большой выбор таунхаусов!
Срок сдачи конец 2014 г.
О поселке
Семейная резиденция «Благодатово» расположена на левом пологом берегу реки Миасс города Челябинска и ограничена улицами Академика Королева и Университетская набережная, что обеспечивает удобную транспортную доступность с другими районами города.
Соседство Шершневского бора и реки Миасс, обилие чистого воздуха и отдаленность от городского шума делает этот район настоящим экологическим оазисом мегаполиса.
Характеристики таунхаусов:
2-этажные дома;
Жилая площадь от 134 до 172 кв.м.;
Индивидуальная планировка;
Пластиковые окна;
Высокие потолки;
Гараж;";"Дома, коттеджи, таунхаусы, сады";"";"куплю, таунхаус, челябинск, благодатово, шершни";"";"new";"0";"0"
"201";"";"201-molodezhnaya-7";"Молодежная, 7";"1450000";"";"89617886211";" 2-комнатная, 4/10, 38 кв.м.";" Продается квартира 2х-комнатная, в Металлургическом районе. Все комнаты раздельные. Евро окна, железная дверь, во дворе детский сад.";"Двухкомнатные";"";"куплю, квартиру, челябинск, двухкомнатная, чмз";"";"";"0";"0"
"211";"";"211-ofisnoe-pomeshhenie-831-kvm";"Проспект Ленина, 83";"31105900";"38672200";"Продается офисное помещение 840 кв.м.";" Продаются 4 и 5 этаж офисного здания.
Предлагаем в продажу готовый бизнес с арендаторами, либо отличный офис в центре города под представительство крупной компании. Два этажа (4 и 5) офисного здания. Площадь 4 этажа - 840.7 кв.м, площадь 5 этажа - 857.9 кв.м. Помещения с хорошей отделкой, частично ламинат, кафель, линолеум. Качественные двери. Потолки высотой 3 метра. К помещениям прилагаются 4 парковочных места в собственности. Цена 37000 рублей за квадрат в продажу, либо 550 рублей за квадрат в аренду.  89514733322 - Александр";" Продаются 4 и 5 этаж офисного здания.
Предлагаем в продажу готовый бизнес с арендаторами, либо отличный офис в центре города под представительство крупной компании. Два этажа (4 и 5) офисного здания. Площадь 4 этажа - 840.7 кв.м, площадь 5 этажа - 857.9 кв.м. Помещения с хорошей отделкой, частично ламинат, кафель, линолеум. Качественные двери. Потолки высотой 3 метра. К помещениям прилагаются 4 парковочных места в собственности. Цена 37000 рублей за квадрат в продажу, либо 550 рублей за квадрат в аренду.  89514733322 - Александр";"Продажа";"";"офис, коммерческая, недвижимость, ликвидная, арендаторы";"большой офис в центре, готовый бизнес, коммерческая недвижимость, помещение под офис, представительство крупной компании";"discount";"0";"0"
"212";"";"212-nezhiloe-97-kvm-v-arendu";"40 лет Победы, 53";"67900";"";"Сдается нежилое помещение, 97 кв.м.";" 40 Лет Победы, д. 53, 97 квадратных метров. Сдается нежилое помещение в Академ-Сити. Отдельный вход, качественная чистовая отделка. Возможно под офис, магазин, парикмахерскую и т.д. Отличное предложение в новом микрорайоне! Помещение сдается без дополнительных комиссий!";" Сдается нежилое помещение в Академ-Сити. Отдельный вход, качественная чистовая отделка. Возможно под офис, магазин, парикмахерскую и т.д. Отличное предложение в новом микрорайоне! Помещение сдается без дополнительных комиссий!";"Аренда";"";"офис, аренда, нежилое";"офис в аренду, сдается нежилое помещение, новое нежилое помещение, помещение под офис, помещение под магазин";"";"0";"1"
"219";"";"219-nezhiloe-pomeshhenie-g-miass";"Керченская, 17 (г. Миасс)";"8800000";"10000000";"Продается нежилое помещение 309 кв.м.";" Продается помещение, под любой вид деятельности. Бывшая столовая. Потолок по типу армстронг, электроразводка новая, стены поштукатурены и покрашены в подсобных помещениях, а в торговом зале стены-обои. Пол плитка. Сигнализацию сняли и охранную и пожарную. Оборудования осталось пару-тройку единиц состояние среднее и рабочее. 89514733322";" Продается помещение, под любой вид деятельности. Бывшая столовая. Потолок по типу армстронг, электроразводка новая, стены поштукатурены и покрашены в подсобных помещениях, а в торговом зале стены-обои. Пол плитка. Сигнализацию сняли и охранную и пожарную. Оборудования осталось пару-тройку единиц состояние среднее и рабочее. 89514733322";"Продажа";"";"Миасс, коммерческое помещение, нежилое";"Продам в Миассе нежилое помещение, помещение под офис в Миассе";"";"0";"1"
"220";"";"220-lenina-83";"Ленина, 83";"500";"";"Сдаются офисные помещения разной площади.";" Сдаются офисы с хорошим ремонтом на 4 этаже офисного здания. Цена 500 рублей за квадрат. Площади: 144 кв.м., 164 кв.м.
Свой туалет, душ. Есть охраняемая парковка.
На 1 этаже столовая.
500 руб/кв
89514733322 - Александр";" ";"Аренда";"";"";"";"";"0";"0"
"223";"";"223-3-internacionala-130";"3 Интернационала, 130";"30000";"40000";"Сдается нежилое помещение, 40 кв.м.";" Сдается помещение с отличным ремонтом в центре города. 40 кв.м. Отдельная входная группа. Одна большая комната, с/у, подсобное помещение. Без дополнительных комиссий!";" Сдается помещение с отличным ремонтом в центре города. 40 кв.м. Отдельная входная группа. Одна большая комната, с/у, подсобное помещение. Без дополнительных комиссий!";"Аренда";"";"нежилое, аренда, центр, помещение, сдам, сниму";"помещение в аренду, нежилое в аренду, сдам нежилое, сниму нежилое, сдам помещение, сниму помещение";"new";"0";"1"
"224";"";"224-vishnevaya-gorka";"""Вишневая горка""";"790000";"";"Новый микрорайон ""Вишневая горка""";" Квартиры  в новом микрорайоне ""Вишневая горка"", на территории пос.Западный, 2 км. от города, сдача домов с полной или частичной отделкой.
Возможно приобретение по программе ""Жилье для российской семьи""!

Студии - от 790 000 рублей!
Двухкомнатные - от 1 350 000 рублей!

";"  Многие жители большого города все чаще готовы променять душный и задымленный Челябинск на прозрачный свежий воздух, макушки деревьев за окном и прогулки по лесным дорожкам после работы — с этим вряд ли можно поспорить. Тем, кто давно мечтает жить в таком красивом месте – добро пожаловать в «Вишневую горку». Всего в 15 минутах езды от центра Челябинска раскинулся этот просторный экологичный микрорайон. Это настоящий зеленый оазис среди монументальной промышленной застройки, в котором яркие фасады современных домов удачно гармонируют с сочными красками природы. 

 Красивые дома с благоустроенными парадными и яркими фасадами пользуются популярностью: стремительно заселяются и обрастают инфраструктурой. Сегодня в жилом массиве действуют магазины, медцентры, спортклуб и зоосалон. Остальные привилегии и особую атмосферу дарит сама природа. 

 Микрорайон «Вишневая горка» подойдёт всем, кто ценит спортивный образ жизни и отдых на свежем воздухе. В перспективе в микрорайоне планируется спортивные секции, где будут организованы занятия по футболу и хоккею и другие спортивные секции для детей и взрослых. Все эти возможности призваны сделать «Вишневую горку» местом притяжения семей с детьми, которые выбирают активный образ жизни.

 В «Вишнёвой горке» в каждом дворе буду установлены камеры видеонаблюдения, которые будут следить за происходящим. Уже под защитой находятся дома по Изумрудной, 4 и Изумрудной, 5, следующий на очереди дом на Вишневой аллее, 6.


http://anlikvid.ru/images/upload/горка.jpg
http://anlikvid.ru/images/upload/горка%202.jpg
http://anlikvid.ru/images/upload/горка%203.png
http://anlikvid.ru/images/upload/горка%204.png";"Новостройки";"";"Вишневая, Залесье, ул. Вишневая, Загородное, западный, новостройка";"Квартиры  в новом микрорайоне Вишневая горка,  квартиры с отделкой, жилье для российской семьи";"";"1";"0"
"226";"";"226-akademika-koroleva-35";"Академика Королева, 35";"15000";"";"2х комн. квартира, 65 кв.м.";" 15000/месяц";" Сдается новая двухкомнатная квартира на Тополиной Аллее, только порядочным и чистоплотным людям, без домашних животных! В квартире кухонный гарнитур, холодильник, диван, ТВ. Стоимость 15000 в месяц + коммунальные услуги (5000 зимой, 4000 летом). Услуги агентства недвижимости составляют 5000 рублей, уплачиваются только после заселения.";"";"";"сдам, квартира, сниму, тополинка";"сдам квартиру, сдам на тополиной, сниму квартиру";"new";"0";"0"
"227";"";"227-prodaetsya-1-komkv-34-kvm-zakharenko9";"Продается 1 ком.кв. 34 кв.м. Захаренко,9";"1880000";"";"Продается чистая, уютная, теплая квартира на 1 этаже. Чистый двор.";" Балкона нет, но можно поставить. В квартире сделан качественный ремонт. Поставлена железная дверь, евро-окна, поставлены решетки, двери, без балкона, железная дверь. С/у раздельный. ";" Комната кухня коридор ";"Вторичная недвижимость";"";" Фокус, Фиеста, Квартира, 1комн.кв., ремонт ";"Чистая уютная квартира, подходит для молодой семьи. ";"new";"0";"1"
"237";"";"237-nezhiloe-pomeshhenie-48-kvm";"Орджоникидзе, 32";"48000";"";"Сдается нежилое помещение, 48 кв.м.";" Орджоникидзе 32, 48 кв.м. Сдается помещение свободного назначения, с хорошим ремонтом. Большой торговый зал, подсобное помещение. Своя входная группа с возможностью размещения наружной рекламы. Стоимость 48000 в месяц. Помещения сдается без дополнительных комиссий.";" Орджоникидзе 32, 48 кв.м. Сдается помещение свободного назначения, с хорошим ремонтом. Большой торговый зал, подсобное помещение. Своя входная группа с возможностью размещения наружной рекламы. Стоимость 48000 в месяц. Помещения сдается без дополнительных комиссий.";"Аренда";"";"помещение, аренда, нежилое, сдам, сниму";"сдам помещение в центре, аренда недвижимости, аренда помещений";"";"0";"1"
"239";"";"239-dom";"Поселок Саргазы";"3800000";"4400000";"Продается дом 100 кв.м.";" Продам дом: Сосновский р-он, п.Саргазы, 12 км от Челябинска. Дом деревянный на высоком фундаменте: 100 м2, 4 комнаты, кухня -19м2, спальня-12м2, сан-узел (совмещен)-10м2, комната-26 м2,отличный ремонт, окна пластиковые, обои виниловые, ленолиум, новая сантехника,водопровод, канализация, отопление ГАЗ, все в доме, большой подвал. Участок 13 сот, Баня (сруб)- мойка,парная отдельно,комната отдыха 15м2! Навес под два автомобиля. Садик,школа рядом, м-н ""пятерочка"",остановка! Документы готовы к сделке! цена: 4400000 рублей, разумный торг! обр. 89222374440, 8351 2236155";" Продам дом: Сосновский р-он, п.Саргазы, 12 км от Челябинска. Дом деревянный на высоком фундаменте: 100 м2, 4 комнаты, кухня -19м2, спальня-12м2, сан-узел (совмещен)-10м2, комната-26 м2,отличный ремонт, окна пластиковые, обои виниловые, ленолиум, новая сантехника,водопровод, канализация, отопление ГАЗ, все в доме, большой подвал. Участок 13 сот, Баня (сруб)- мойка,парная отдельно,комната отдыха 15м2! Навес под два автомобиля. Садик,школа рядом, м-н ""пятерочка"",остановка! Документы готовы к сделке! цена: 4400000 рублей, разумный торг! обр. 89222374440, 8351 2236155";"Дома, коттеджи, таунхаусы, сады";"";"саргазы, до, продам, выкуп, смолино, шершни, сосновка";"дом в поселке, дом в саргазах, дом в сосновке, поселок саргазы, продам дом, выкуп домов";"discount";"0";"1"
"240";"";"240-1-komnkv-43-kv-m-s-mebelyu";"1-комн.кв. 43 кв. м. с мебелью";"2195000";"";"Жилая площадь 40,3 кв.м. 7/9 этаж, панельный дом, серия 97 улучшенная.";" Чистая, удобная квартира, со строительной отделкой. Водосчетчики, двери «краснодеревщик», линолиум, ремонт, европакеты, лоджия 5 кв.м. с евроостеклением. Окна на южную сторону. Квартира уютная и светлая.";" ЖК г. Челябинск, ул. С. Юлаева, д. 6
В Северо-западной части Челябинска, на улице Салавата Юлаева, расположен жилой комплекс эконом-класса. Благодаря удобным транспортным развязкам попасть в центр города не составит труда. 
Дом состоит из шести подъездов, которые оборудованы современными бесшумными лифтами. Благодаря яркому фасаду здание сразу привлекает внимание. 
В этом доме продается однакомнатная квартира. Один взрослый собственник. Документы готовы, никто не прописан, долгов нет. Развитая инфраструктура, удобная транспортная развязка, дому 6 лет. Состояние очень приличное. Близость остановок и детского сада, большое количество магазинов, прекрасный двор и большая детская площадка, приличные соседи. В квартире остается мебель. За расчет наличными уместен торг. Оформление по любой ипотеке возможно без проблем.";"Вторичная недвижимость,Однокомнатные";"";"лифт, 7 этаж, 1 комнатная квартира, кухонный гарнитур, мебель, шкаф, детский сад, парковка, двор, Салавата Юлаева";"";"new";"0";"0"
"241";"";"241-ehntuziastov-2";"Энтузиастов, 2";"14300";"";"Сдаются офисы, от 22 кв.м.";" Сдаются офисные помещения в центре города, в офисном здании ""КТИАМ"", перекресток Энтузиастов и Коммуны, рядом с парком Гагарина. Офисы на 1 и 4 этаже. В здании был капитальный ремонт в 2013 году. Круглосуточная охрана. Все площадью около 23 кв.м.";" Сдаются офисные помещения в центре города, в офисном здании ""КТИАМ"", перекресток Энтузиастов и Коммуны, рядом с парком Гагарина. Офисы на 1 и 4 этаже. В здании был капитальный ремонт в 2013 году. Круглосуточная охрана. Все площадью около 23 кв.м.";"Аренда";"";"сдам, офис, офисы, сдаются, помещение, аренда, сниму";"сдам офис, аренда офиса, офис в аренду";"";"0";"0"
"244";"";"244-komsomolskijj-pr-19a";"Комсомольский пр., 19а";"3200000";"";"Комната + студия, 69 кв.м.";" Продается квартира, комната + студия в новом современном доме.

Дом оборудован двумя лифтами, домофонной системой, имеется служба консьержей. На придомовой территории выполнено комплексное благоустройство: озеленение, места для отдыха, спортивная и детская площадки. Территория дома огорожена.

Район отличает отлаженное движение городского транспорта и отсутствие пробок на дорогах, поэтому путь до делового центра города на автомобиле занимает 7-10 минут. Прекрасное местоположение, развитая инфраструктура и уютные квартиры позволят создать оптимальные условия для Вашего комфорта.

Дом заселен 1,5-2 года назад.

Квартира с предчистовой отделкой (стяжка пола, штукатурка стен,электропроводка по квартире). Большая лоджия. Окна выходят во двор.

Оформим ипотеку, выкупим Ваш объект, выкуп квартир с долгами. Агентство недвижимости ""Ликвид""";" Продается квартира, комната + студия в новом современном доме.

Дом оборудован двумя лифтами, домофонной системой, имеется служба консьержей. На придомовой территории выполнено комплексное благоустройство: озеленение, места для отдыха, спортивная и детская площадки. Территория дома огорожена.

Район отличает отлаженное движение городского транспорта и отсутствие пробок на дорогах, поэтому путь до делового центра города на автомобиле занимает 7-10 минут. Прекрасное местоположение, развитая инфраструктура и уютные квартиры позволят создать оптимальные условия для Вашего комфорта.

Дом заселен 1,5-2 года назад.

Квартира с предчистовой отделкой (стяжка пола, штукатурка стен,электропроводка по квартире). Большая лоджия. Окна выходят во двор.

Оформим ипотеку, выкупим Ваш объект, выкуп квартир с долгами. Агентство недвижимости ""Ликвид""";"Двухкомнатные";"";"продам, квартира, студия, спальня, комната, новая, новое, жилье";"продам квартиру, продам новостройку, новое жилье, дом сдан, куплю новостройку, куплю квартиру";"";"0";"0"
"246";"";"246-1k-kvartira-40-let-pobedy-31b";"40 лет Победы, 31б";"1920000";"";"Однокомнатная квартира 36 кв.м.";" Продам 1к квартиру, 36 кв.м., на первом этаже с ремонтом под нежилое (тихий офис,ателье и прочие назначение). В хорошем районе северо-запада,где рядом расположены банки,почта,2 детсада и много другой инфр.структуры... Так же можно использовать под жилое назначение. Пластиковые окна,ламинат,стены под декорат.,штукатурку,лоджия застеклена.Рядом на первых этажах продуктовый магазин,различные офисы для бытовых услуг населения.";" Продам 1к квартиру, 36 кв.м., на первом этаже с ремонтом под нежилое (тихий офис,ателье и прочие назначение). В хорошем районе северо-запада,где рядом расположены банки,почта,2 детсада и много другой инфр.структуры... Так же можно использовать под жилое назначение. Пластиковые окна,ламинат,стены под декорат.,штукатурку,лоджия застеклена.Рядом на первых этажах продуктовый магазин,различные офисы для бытовых услуг населения.";"Вторичная недвижимость,Однокомнатные";"";"продам, квартиру, нежилое, куплю, однкомнатная";"продам под нежилое, квартира под нежилое, продам однокомнатную квартиру";"";"0";"0"
"254";"";"254-komsomolskijj-prospekt-140";"Комсомольский проспект 140";"3550000";"3600000";"Элитный дом в березовой рощи. ЖК"" Крылья""
";" Продаю квартиру в элитном жилом комплексе "" Крылья"" на 15 этаже с красивым видом. Площадь двухкомнатной квартиры 58 кв.м. С чистовой отделкой: ламинат,натяжные потолки, балкон с застекленными окнами двухкамерными пакетами. В доме консьерж и видео наблюдение, огороженная территория с детской площадкой и подземной парковкой.
";" ";"Двухкомнатные";"";"Продам,Крылья,Квартира,новая,элитная,";"Продам двухкомнатную квартиру в ЖК ""Крылья"".";"new";"0";"0"
"255";"";"255-vtb-24";"ВТБ 24";"0";"";"Партнер компании - банк ""ВТБ 24""";" ";" ";"";"";"";"";"";"0";"0"
"256";"";"256-rosselkhozbank";"РоссельхозБанк";"0";"";"Партнер компании- РоссельхозБанк";" ";" ";"Компании партнеры";"";"";"";"";"0";"0"
"257";"";"257-delta-kredit";"Дельта Кредит";"0";"";"Банк ""Дельта Кредит"" - наш партнер";" ";" ";"";"";"";"";"";"0";"0"
"276";"";"276-aleksandra-shmakova-8-parkovyjj";"Александра Шмакова, 8 (Парковый)";"1585000";"";"1к. квартира, 37 кв.м., 8/10";" тел. 8 922 237 44 40 - Александр. 1 комн. квартира, 37 кв. м., 9/10 этаж, Парковый 1, квартира с ремонтом: евро окна, ламинат (31 класс), обои, натяжные потолки, санузел раздельный (в кафеле), межкомнатные двери, сантехника (полипропилен).
Кухня 9 кв.м., комната 17 кв.м., окна на разные стороны.
Самая низкая цена. Срочно
Документы готовы.
тел. 8 922 237 44 40 - Александр";" ";"Однокомнатные";"";"1 к. квартира 37 кв.м., 1585 т.р парковый";"";"hit";"0";"1"
"277";"";"277-pcargazy-yubilejjnaya-9a";"п.Саргазы, юбилейная, 9а";"3890000";"4300000";"площадь - 105 кв.м., 4 к., участок 13 сот. ";" тел. 8 922 237 44 40 - Александр
Дом 105 кв.м., материал бревно (массив сосны), кухня 14 кв.м., комната 20 кв.м., спальни по 13 кв.м., санузел 9 кв.м., (душ.,кабина),отопление - Газ, водопровод центральный, канализация, большой и высокий цоколь (подвал) в 100кв.м., Участок 13 сот. баня, хоз.постройки.
Документы на дом и участок готовы.
торг...
тел. 8 922 237 44 40 Александр";" ";"Дома, коттеджи, таунхаусы, сады";"";"Дом 105 кв.м. Саргазы";"";"discount";"0";"1"
"278";"";"278-br-kashirinykh110-84-kvm";"Бр. Кашириных,110, 84 кв.м";"3385000";"";"4 к.квартира, 85 кв.м, этаж  8/10,";" тел. 8 922 237 44 40 - Александр
4 к. квартира, 85 кв.м, 8/10 этаж, все комнаты раздельные, балкон застеклен.
Тихий двор, школы, садик все во дворе
Имеется огромный карман при входе.
Один собственник. Торг... 
обр. 8 922 237 44 40 - Александр";" ";"Четырехкомнатные и более";"";"4 к.квартира, калининский";"";"new";"0";"1"
"279";"";"279-250-let-chelyabinsku-28b";"250 лет Челябинску, 28Б";"2171000";"";"1 к.квартира, 40 кв.м., 9/10 этаж";" 1к.квартира, площадь - 40 кв.м., 9/10 этаж, 121 серия.
квартира в отличном районе расположена на 2й линии, тихий не проездной уютный двор.
Детсад во дворе, хорошие соседи.
Цена снижена. Документы готовы";" ";"Однокомнатные";"";"1к.квартира на 250 лет Челябинску,40 кв.м";"";"new";"0";"0"
"280";"";"280-pmokhovichki-15-sotok";"п.Моховички, 15 соток";"785000";"";"Моховички, новая нарезка, 15 соток.";" тел. 8 922 237 44 40 - Александр
Участок в п.Моховички,(Новая Нарезка).
15 соток ровной формы.
Отличный район с масштабным проектом нового коттеджного поселка.
На участке эл.энергия 20 квт.(опора стоит), проект на ГАЗификацию.
Документы готовы
тел. 8 922 237 44 40 - Александр
";" ";"Земельные участки";"";"участок, 15 сот.";"";"new";"0";"1"
"286";"";"286-kvartira";"Раздольная, 15 (Залесье)";"1650000";"1950000";"Студия, 43 кв.м., 2/3 эт.";" Срочная продажа!!! 
Квартира-студия в залесье 43 кв.м., легко перепланируется в студию+спальню, качественная строительная отделка, с/у в кафеле. 
Новый микрорайон расположен в 15 минутах от центра города.

Возможен обмен на Вашу квартиру.

89617886211 - Алексей.";" ";"Студии";"";"залесье, квартира, студия, 43м, новостройка, ";"купить квартиру в залесье, новостройка, купить квартиру в челябинске, купить квартиру в новостройке,";"";"0";"0"
"289";"";"289-kremenkul-rossijjskaya-14a";"Российская, 14А (Кременкуль)";"5900000";"7900000";"230 кв.м., 9 соток, 2 этажа";" Продается коттедж от собственника из клееного бруса в Кременкуле (10 минут от города). Площадь 230 кв.м., 9 соток, 2 этажа.
На 1 этаже бойлерная, большая прихожая, зал с кухней и санузел. На всем этаже пробковый пол с подогревом.
На 2 этаже большой санузел, спальня, зал и 2 балкона, на полу ламинат.
Качественная отделка, межкомнатные двери из массива, большие окна, газовое отопление, скважина, выгребная яма, большая веранда, благоустроенная территория, сигнализация.
Дом расположен на не проходной улице рядом с березовой рощей.
Экологически чистый материал, дышится в доме легко. Жить в таком доме уютно и комфортно. Очень теплый, идеально подходит для круглогодичного проживания.
Возможен обмен на квартиры. Телефон 89514733322 - Александр";" ";"Дома, коттеджи, таунхаусы, сады";"";"Кременкуль, дом, коттедж, клееный, брус, скважина, газ, отопление, канализация, дача, поселок";"дом в кременкуле, коттедж в кременкуле, дом с газом, клееный брус, дом из клееного бруса, коттедж из клееного бруса";"";"0";"1"
"290";"";"290-krasnopolskijj-pr-kt3-parkovyjj";"Краснопольский пр-кт, 3 (Парковый)";"1489000";"";"студия  28 кв.м. 4/16";" Продам Квартиру-студию в Парковом.
Дом серии ""Европа"" материал - Финская панель,
с повышенным коэффициентом тепло-шумоизоляцией.
Ремонт от застройщика;- ламинат,обои, евроокна, вх.дверь металич.
санузел в кафеле (совмещен).
Большая лоджия (панорама).
Рядом ""Магнит"", Аптека, Фитнес клуб и мн.др.
Документы готовы
Александр - 8 922 237 44 40
";" ";"Однокомнатные";"";"квартира в челябинске";"квартира в челябинске, студия, квартира-студия";"hit";"0";"1"
"291";"";"291-krasnopolskijj-1d";"Краснопольский, 1д (Парковый)";"1565000";"";"студия, 28 кв м, 6/10";" Продам квартиру студию в Парковом.
Классный оригинальный ремонт с дорогой новой мебелью.
Кухонный гарнитур от IKEA с немецкой техникой, зонирование комнаты и прихожей + гардеробная,санузел совмещен (в кафеле), лоджия приведена в порядок;(уложен дер.пол,открашены стены).
Установлена НОВАЯ входная дверь
Оставим все, по Вашему желанию.
Продажа СРОЧНАЯ.
Документы готовы.
Александр - 8 922 237 44 40";" ";"Однокомнатные";"";"квартира в челябинске";"квартира в челябинске, квартира-студия, студия в челябинске, купить квартиру";"hit";"0";"1"
"292";"";"292-krasnopolskijj-1d-parkovyjj";"Краснопольский, 1д (Парковый)";"1985000";"";"1-комн. квартира 39 кв. м. 3/10 ";" Продам 1 комн.квартиру в Парковом.
Кухня 9 кв.м., комната 18 кв.м, санузел раздельный (в кафеле), кухонный гарнитур, шкаф-купе.
Большая лоджия. Тихий двор, дом на второй линии.
Рядом: ост.общ.транспорта, магазины, аптеки.
Документы готовы.";" ";"Однокомнатные";"";"квартира в челябинске";"купить квартиру, квартира в челябинске, однокомнатная квартира";"hit";"0";"0"
"307";"";"307-bank-otkrytie";"Банк Открытие";"0";"";"Банк ""Открытие"" - наш партнер";" ";" ";"Компании партнеры";"";"";"";"";"0";"0"
"319";"";"319-universitetskaya-naberezhnaya-57";"Молодогвардейцев, 76 (Академ Риверсайд) ";"2280000";"2450000";"Однокомнатная квартира, 48 кв.м., 17/21";" Продам новую квартиру в ЖК Академ Риверсайд. Дом сдан.

Новый монолитно каркасный дом серии Европа-Угловая.
Запланировано всего 4 «Европы Угловых», которые возводятся вдоль ул. Университетская набережная. Красивый вид из окна, технологичный дом, выгодное расположение - вот что такое «Европа Угловая».
100 % отделка квартиры.

Окна квартиры выходят на Юг(речку, лес)

http://academdom.ru/gallery/panoramas/bird/index.html
";" ";"Однокомнатные";"";"купить, квартиру, челябинск, недвижимость, Сити, Академ, Риверсайд, ";"купить квартиру в челябинске. купить новую квартиру, купить квартиру в новостройке";"hit";"0";"0"
"327";"";"327-1-komnkvartiru-v-mkr-parkovyjj";"1 комн.квартиру в мкр. Парковый";"2170000";"";"1 комнт. квартира в новом доме серии Европа";" 1 к. квартира в мкр. Парковый, 
площадь 47 кв.м., кухня 9 кв.м., комната 25 кв.м, 
оставим кухонный гарнитур.
Торг...

";" 1 к. квартира в мкр. Парковый, 
площадь 47 кв.м., кухня 9 кв.м., комната 25 кв.м, 
оставим кухонный гарнитур.
Торг...

";"Вторичная недвижимость";"";"Квартиры в парковом, парковый, куплю в парковом";"Квартиры в парковом, парковый, куплю в парковом";"hit";"0";"0"
"332";"";"332-zhk-akadem-riverside";"ЖК ""Академ  RIVERSIDE""";"1290000";"";"Жилой комплекс ""Академ  RIVERSIDE""";" Есть 7 серий домов в новом микрорайоне Академ  RIVERSIDE.
Из них 2 серии - это Европа и Таганай панельное строительство, высотой 20 и 18 этажей.
Остальные 5 проектов на стадии строительства- это Командор, Европа-угловая, Вираж, Гранд и проект дома Бизнес класса КРИСТАЛЛ.

**##4E9A06|Сегодня в продаже!##**
Серия Европа:
Студии - от 1 090 000 рублей.
Однокомнатные - от 2 390 000 рублей.
Двухкомнатные - от 2 990 000 рублей.

Серия Таганай:
Студия - от  1 090 000 рублей.
Однокомнатные - от 1 690 000 рублей.
Двухкомнатные - от 2 390 000 рублей. 

Тип дома ЕВРОПА Угловая
Монолитно каркасный.

Однокомнатные - от 2 190 000 рублей.
Двухкомнатные - от 3 290 000 рублей.
Трехкомнатные - от 3 690 000 рублей.

Обмен новостроек на вторичное жильё.



http://academdom.ru/gallery/panoramas/bird/index.html";" ";"Новостройки";"";"Академ, RIVERSIDE, риверсайд, сити, city, academ, челябинск, новостройки, центр";"Академ риверсайд, academ riverside, академ сити, academ city, новостройки в центре челябинска, новостройки в академе, квартиры в академе";"";"1";"0"
"333";"";"333-zalese";"""Залесье""";"880000";"";"Новый микрорайон ""Залесье""";" В «Залесье» есть всё, что нужно для комфортной жизни! 
Здесь уже открыты два муниципальных детских садика и продовольственный магазин. А добраться до микрорайона можно на маршрутных такси, которые ездят от Ж/Д вокзала и с северо-западного района. Отличные планировки, монолитные дома.
Студии: от 24 кв.м.- до 77 кв.м.
Цена: от 880 т.р. - до 3 150 т.р.
";" ";"Новостройки";"";"залесье, новостройка, пригород, челябинск, выкуп, фотоотчет";"Продажа квартир в залесье, выкуп квартир в залесье, выкуп квартир, купить квартиру в залесье, купить новостройку, купить монолитную квартиру, залесье фотоотчет";"";"1";"0"
"334";"";"334-parkovyjj";"""Парковый""";"1370000";"";"Микрорайон ""Парковый""";" Студия: от 1 370 000 р.
1-комнатная квартира: от 1 550 000 р.
Студия+спальня: от 2 050 000 р.
Студия+2 спальни: от 2 810 000 р.
";" Микрорайон «Парковый» — это уникальный и перспективный проект современной жилой застройки г. Челябинска. Комплекс располагается в парковой зоне г. Челябинска. На этой территории возведены микрорайоны с панельными и монолитно-каркасными домами.
Месторасположение микрорайона «Парковый» удачно сочетает в себе экологичность проживания и доступность к основным транспортным магистралям. 
В микрорайоне «Парковый» представлены квартиры с эргономичными планировками. В основу планировок заложен принцип квартир-студий, где в соответствии с европейской концепцией обустройства жилья, кухонная зона выносится в гостиную комнату. В новых планировках площадь коридоров сведена к минимуму — приоритет отдан в пользу большей жилой площади квартиры.
Квартиры в «Парковом» сдаются с отделкой по принципу «заезжай и живи». Новоселам предоставляется качественный ремонт: линолеум (ламинат) и двери, кафельная плитка в ванной комнате, биметаллические радиаторы, обои горячего тиснения, входные и межкомнатные двери.
Для жителей Челябинска и самих парковчан за последние годы «Парковый» стал не просто местом, где можно жить, а отдельным миром со своей идеологией. «Парковый» — это свежий воздух, шум деревьев, утренние пробежки по березовой роще. Жить в «Парковом» — значит жить в удобном месте, где всё близко и удобно.";"Новостройки";"";"парковый, челябинск, новостройки, студия, квартира";"Парковый, новостройки";"";"1";"0"
"337";"";"337-kurchatova-8-b";"Курчатова, 8-Б";"66000";"";"";" Сдается помещение общей площадью 132 кв.м. Имеется парковка и входная группа. Рядом расположена транспортная остановка. Хорошая проходимость. Удобно для размещение офиса, производственного, складского или торгового помещения.
Особенно актуально для магазина разливных напитков. 
Все вопросы по телефону.
Звоните в любое время!
С уважением, Алексей-89617886211";" ";"Аренда";"";"аренда, магазин, курчатова, стритритейл,";"снять торговое помещение в центре, аренда в центре, аренда под магазин, аренда в центральном районе, центральный район.";"";"0";"0"
"340";"";"340-novyjj-mikrorajjon-parkovyjj-2";"""Парковый 2""";"990000";"";"Новый микрорайон ""Парковый 2""";" Продажа квартир в новостройках:

Студия: от 990 000 р.
Студия+спальня: от 1 820 000 р.
Студия+2 спальни: от 2 275 000 р.";" Жилой район «Парковый-2» - возвращение легенды!

Жилой район «Парковый» хорошо известен челябинцам, как один из самых популярных районов города. Квартиры здесь пользуются высоким покупательским спросом, и продажа их близится к завершению. Хорошее должно продолжаться! Поэтому новый жилой район, который разместился в самой западной точке Челябинска, решено было назвать «Парковый-2».
Из-за особенностей рельефа (разность высот от одного края района до другого достигает 26 метров) дома в «Парковом-2» выигрышно располагаются красивым каскадом. Всего в жилом районе будет шестнадцать высоток. Это как дома с уже полюбившимися горожанам улучшенными планировками 97 и 121 серии, так и новые для Челябинска здания 137-й, «артемовской» серии. В новых домах разнообразие планировочных решений от небольших уютных студий с продуманной эргономичной планировкой, до квартир для большой семьи с просторной кухней, гостиной и несколькими спальнями.

«Парковый-2» динамично развивается, большая часть домов в жилом районе уже заселена (заселения проходили досрочно: первое – на четыре месяца раньше срока, второе – на семь месяцев).

Дома в микрорайоне сдаются со стопроцентной чистовой отделкой: это качественные обои и ламинат, кафель и сантехника в ванной и санузле, остекление балконов и лоджий. В квартирах уже стоят опломбированные счетчики, заведен интернет. 

При благоустройстве района застройщик - компания Flyplaning - позаботился обо всех категориях жителей.

Для семей с детьми в каждом дворе детские площадки, планируется возведение двух садиков (на 150 и 280 мест). Мамы с колясками в первую очередь оценят работу лифтов с нулевого этажа. Также для удобства жителей выходы из подъездов организованы в двух направлениях: можно пройти непосредственно во двор – например, отправляясь с детьми на прогулку. А можно – на противоположную сторону, к парковкам.

Для любителей активного образа жизни уже сейчас установлены площадки для игры в баскетбол и мини-футбол, нескольких спортивных площадок.

Для людей с ограниченными возможностями у каждого подъезда установлены либо пандусы, либо — уникальные для Челябинска автоматизированные подъемники.

Автовладельцев порадует достаточное количество парковочных мест.

Преимущества жилого района «Парковый-2»:

готовая отделка «комфорт-класса» по принципу «заезжай и живи»: ламинат, кафель в ванной комнате, современные обои, сантехника и т.д.
эргономичные планировки
разнообразие планировочных решений: от уютных студий до просторных трехкомнатных квартир
расположение в экологически благоприятном направлении
высокая транспортная доступность
доступное ценообразование

Месторасположение:

Жилой район ""Парковый-2"" находится на пересечении Новоградского тракта и ул. Салавата Юлаева, в 3-х минутах езды от ледовой арены ""Трактор"" и Кардиоцентра, и примерно в 15-ти минутах езды от центра города.

Инфраструктура:

На территории проекта – согласно генеральному плану – разместятся два детских муниципальных учреждения, сквер, места для прогулок, отдыха и занятий спортом (площадки для мини-футбола, волейбола, баскетбола, а также площадки для workout). В нескольких минутах езды расположены школы и вузы, крупные торговые и развлекательные центры, ледовая арена «Трактор», областной кардиоцентр.

Транспортная доступность:

Удачное расположение нового жилого района: рядом удобная развязка, в трех минутах езды - ледовая арена «Трактор», до центра города можно доехать всего за 15-20 минут. Также до «Паркового-2» "" можно добраться на общественном транспорте (маршрутные такси № 53, 98, 128).";"Новостройки";"";"челябинск, парковый 2, новостройка, вторичка в парковом 2, студия парковый 2, квартира парковый 2, парковый 2 челябинск";"Новый микрорайон ""Парковый 2""";"";"1";"0"
"346";"";"346-prospekt-pobedy-333a";"Проспект Победы, 333а";"1990000";"2000000";"2-комнатная, 52 кв.м., 9/10 эт.";" Хорошее расположение дома, 4 детских садика, школа, рядом ЛА Трактор.
Состояние квартиры обычное, срочная продажа!
Возможен обмен на однокомнатную квартиру с Вашей доплатой!

89514733322 - Александр";" ";"Двухкомнатные";"";"срочно, продам, квартиру, выкуп";"срочно продам квартиру";"";"0";"0"
"349";"";"349-uchastok-sklad-v-promzone-chmz";"Участок + склад в промзоне ЧМЗ";"25000000";"";"Участок, 1.36 Га, Склад 690 кв.м.";" Продается производственная база в районе цинкового завода (Металлургический район). Участок 13 660 кв.м. со складами для хранения материалов, стоянкой автотранспорта, техники и т.п.

На территории базы находятся:
1. Закрытый склад 457 кв.м.
2. Цех доработки материалов 231 кв.м.
3. Бетонная эстакада 382 кв.м.

Территория охраняется, имеется видеонаблюдение. 
К промышленной базе удобные подъездные пути, круглосуточная доступность.
Территория огорожена железобетонным забором, автоматические железные ворота.
Покрытие асфальт, щебеночная насыпь.
СРОЧНО! ТОРГ!

89514733322- Александр";" ";"Продажа";"";"промзона, участок, склад, чмз, цинковый, завод, челябинск, производство";"продам участок в промзоне, продам склад, участок под производство, земля промназначения, участок промназначения, промышленные земли, застройка участка, производственное помещение, цинковый завод, челябинск, металлургический район";"";"0";"0"
"350";"";"350-byvshijj-cementnyjj-zavod";"Бывший цементный завод";"50000000";"";"Продается бывший цементный завод в промзоне ЧМЗ, Челябинск.";" Продается производственная база (бывший цементный завод). Расположен в Металлургическом районе города Челябинска, рядом с кирпичным заводом ""КЕММА"" (по дороге на Аэропорт).
Общая площадь 4650 кв.м. Из них: 1) 2300 кв.м. - теплые производственные помещения, 2) 1630 кв.м. - холодные производственные помещения, 3) 700 кв.м. - теплые помещения (офисы, раздевалки, душевые, подвал).
Также градирня, автовесы. Вся база будет полностью подготовлена к продаже: убран весь мусор, отмыты стены внутри, приведены в порядок офисные площади и т.д.
На территорию базы заведена тупиковая ж/д ветка, а также проходит по границе участка еще одна.
Офисные помещения с отличной отделкой. Электричество 400кВ. Газ. Канализация городская. Скважина.";" ";"Продажа";"";"завод, цемент, производство, продам, промзона, объект";"продам завод, куплю завод, продам промбазу, продам коммерческую недвижимость";"";"0";"0"
"351";"";"351-petra-cumina-8-parkovyjj-2";"Петра Сумина, 16 (Парковый 2)  4/10 этаж";"2670000";"";"Студия+2 спальни, 58 кв.м., 4/10";" Продается квартира студия+2 спальни в новом микрорайоне ""Парковый 2"".
Удобная планировка. Сдача дома в декабре 2015 года.  8 922 237 44 40";" ";"Двухкомнатные";"";"квартира парковый 2, квартира в челябинске, квартира студия+2 спальни, 3-комнатная квартира, квартира в челябинске, квартира новоградский тракт, квартира парковый 2";"Продается квартира студия+2 спальни.";"new";"0";"1"
"352";"";"352-bejjvelya-1-zhk-aleksandrovskijj";"Бейвеля, 1 (ЖК ""Александровский"")";"3270000";"";"2к квартира, 58кв.м., 7/16";" Продается 2к. квартира в ЖК""Александровский""
Квартира в элитном доме с видеонаблюдением, консьержем, уютным двором, детской площадкой и всегда свободной парковкой.

Комната с зонированием под спальню 25 кв.м., кухня 15 кв.м., большой санузел 6 кв.м., балкон застеклен (стеклопакет, обшит массив сосны).
Просвет потолка 2,65 м.- Натяжной(про-во Франция), пол ламинат 33 класс, коридор-плитка.
Кухонный гарнитур (фурнитура Италия), шкафы купе и мягкая мебель входит в стоимость квартиры.
Так же карман на две квартиры, сигнализация, интернет. 
Один собственник.

Александр - 8 922 237 44 40
Ксения - 8 908 050 64 82";" Продается 2к. квартира в ЖК""Александровский""
Квартира в элитном доме с видеонаблюдением, консьержем, уютным двором, детской площадкой и всегда свободной парковкой.

Комната с зонированием под спальню 25 кв.м., кухня 15 кв.м., большой санузел 6 кв.м., балкон застеклен (стеклопакет, обшит массив сосны).
Просвет потолка 2,65 м.- Натяжной(про-во Франция), пол ламинат 33 класс, коридор-плитка.
Кухонный гарнитур (фурнитура Италия), шкафы купе и мягкая мебель входит в стоимость квартиры.
Так же карман на две квартиры, сигнализация, интернет. 
Один собственник.

Александр - 8 922 237 44 40
Ксения - 8 908 050 64 82";"Двухкомнатные";"";"двухкомнатная квартира, александровский, квартира челябинск, 2к квартира челябинск, квартира александровский, жк александровский, квартира бейвеля, 2к бейвеля";"продам 2х-комнатную квартиру в жк александровский";"hit";"0";"1"
"353";"";"353-1-kkv-33-kvm";"Раздольная, д. 9 (Залесье)";"1300000";"1550000";"""Залесье"" Студия, 33 кв.м, 3/4 ";" ""Залесье"" Студия, 33 кв.м, 3/4 Цена 1 300 т.р.  8(961)-788-62-11 Алексей ";" Продается квартира-студия в Залесье, на третьем этаже, четырехэтажного дома.
15 минут езды от центра города, хорошее месторасположение качественная строительная отделка, кафель в с/у, заезжай и живи. Отличный микрорайон для ценителей тишины и лесного массива, в 15 минутах езды от центра города. Есть вся инфраструктура, детские сады, магазины, общественный транспорт. Собственник. Площадь 32,1 кв.м. +5 кв.м. балкон. Тел. 89617886211- Алексей";"Студии";"";"";"";"discount";"0";"0"
"354";"";"354-ctudiya";"Студия";"875000";"";"Квартира - студия 17 кв.м в мкр Звездный, Парковый";" ";" ";"";"";"Продам студию 26 кв.м, 1 комнатную, парковый, звездный, залесье";"";"promo";"0";"0"
"355";"";"355-kottedzh";"Коттедж в Западном";"18200000";"24000000";"Коттедж в Западном, 430 кв.м. 89617886211- Алексей";" Продается коттедж в п. Западный, площадь 430 кв.м. Фундамент: бурозаливной, стены: пеноблок+ утеплитель(мокрый фасад) строительство проводилось с соблюдением технологии, с привлечением высококвалифицированных специалистов, строительство дома завершилось в 2014 году. отличная планировка, предчистовая отделка, все коммуникации заведены, выгребная яма, скважина, дом отапливается газом, по всей площади  первого этажа сделаны водяные теплые полы, разводка сантехники и электрики, гараж на две машины, готовая к использованию, отапливаемая баня, коттедж привлекает своей архитектурой.";" ";"Дома, коттеджи, таунхаусы, сады";"";"коттедж, западный, дом, холмс, таунхаус, вавиловец, ";"купить коттедж, купить коттедж в западном, купить коттедж 400 кв.м., купить коттедж на берегу озера, купить коттедж в холмс, купить коттедж в загородном поселке";"discount";"0";"0"
"356";"";"356-zapovednaya-d-2-zalese";"Заповедная д. 2 (Залесье)";"1050000";"1100000";"Залесье, студия, 25 кв. м. 3/3";" Квартира-студия в мкр. ""залесье"", 25 кв.м., качественная строительная отделка, кафель в с/у, до центра города 15 минут. Детские сады, магазины. 89617886211 Алексей";" ";"Студии";"";"квартира в залесье, студия в залесье, купить квартиру в залесье, купить студию в залесье, залесье, 1050, купить квартиру до миллиона,";"квартира в залесье, студия в залесье, купить квартиру в залесье, купить студию в залесье, залесье, 1050, купить квартиру до миллиона,";"new";"0";"0"
"357";"";"357-3-kh-komnt-kvartira-71-kvm";"3 х комнт. квартира 71 кв.м.";"2960000";"";"Продам трехкомнатную квартиру на северо-западе
71 кв.м., с ремонтом";" Продам 3х комн.квартиру в мкр Парковый
71 кв.м., отличный ремонт, тихий двор с огороженной территорией";" ";"Трехкомнатные";"";"Продам, трехкомнатная, северо-западе, парковый";"Продам 3х комн.квартиру 71 кв.м. с ремонтом и мебелью";"hit";"0";"0"
"358";"";"358-mkr-parkovyjj-3kh-komn-kvartira-79-kvm";"мкр Парковый""  3х комн. квартира 79 кв.м";"3170000";"";"Студия+ 2 спальни, в мкр Парковый, окна смотрят на лесной массив, отличная инфраструктура, низкая цена";" Продам студию + 2 спальни с ремонтом в отличном доме, окна которого выходят на лесной массив.
Отличный тихий мкр с развитой инфраструктурой";" ";"Трехкомнатные";"";"Парковый, трехкомнатная, с ремонтом";"Парковый, трехкомнатная, с ремонтом";"new";"0";"0"
"361";"";"361-4-komnkvartira-na-komsomolskom";"4 комн.квартира на Комсомольском";"3540000";"3700000";"Продам 4 комнт. квартиру  89 кв.м., 6/10 этаж, все комнаты раздельные
8 922 237 44 40";" Продам 4 комнт. квартиру  89 кв.м., 6/10 этаж, с ремонтом, все комнаты раздельные
8 922 237 44 40";" ";"Четырехкомнатные и более";"";"4 комнатная, квартира, Комсомольский, ";"Продается 4 комн. квартира на Комсомольской, ремонт, все комнаты раздельные, этаж 6/10, возможно по ипотеке";"new";"0";"1"
"362";"";"362-2kh-komntkvartira-97-seriya-51-kvm-810-250-let-chelyabinsku";"2х комнт.квартира 97 серия, 51 кв.м. 8/10, 250 лет Челябинску";"2420000";"";"2х комнатная, 51 кв.м. 8/10 этаж, комнаты раздельные, большая лоджия
8 922 237 44 40";" 2х комнатная, 51 кв.м. 8/10 этаж, комнаты раздельные, большая лоджия
8 922 237 44 40";" ";"Двухкомнатные";"";"2 комнатная, продам,куплю, 250 лет";"2 к.квартира 51 кв.м. ";"new";"0";"1"
"366";"";"366-1-komn-kvartira-v-mkr-vishnevaya-gorka-39-kvm";"1 комн. квартира в мкр Вишневая горка, 39 кв.м";"1380000";"1450000";"Продается 1к.кв. в мкр. Вишневая горка, площадь 36 кв.м.,  8/10 эт. балкон зстеклен, чистовая отделка, сантехника установлена. сан. узел раздельный.";" Продается 1-комн., квартира в мкр. ""Вишневая горка"",  качественная строительная отделка, сделана вся сантехника, застекленный балкон, 20 минут езды до центра города, остановка общественного транспорта в 5 минутах хотьбы.
89617886211-Алексей";" ";"Вторичная недвижимость,Однокомнатные";"";"вишневая, горка, вишневая горка, купить квартиру в вишневой горке, купить вишневая горка, квартиры в вишневной горке, ";"вишневая, горка, вишневая горка, купить квартиру в вишневой горке, купить вишневая горка, квартиры в вишневной горке,";"";"0";"0"
"369";"";"369-2-kh-komnatnaya-kvartira-coni-krivojj-52-55";"Ул. Сони кривой дом № 52  ";"1750000";"1900000";"2-х комнатная квартира. на 5 этаже. Площадью 43 кв. м.";" Продается квартира в кирпичном доме.
 
";" Продается двухкомнатная квартира в хорошем состоянии. 
Тихий уютный двор.
Расположение комнат на одну сторону во двор
•Новая железная дверь;
•Новый электо счетчик;
•Установлены счетчики на воду.
Развитая инфраструктура района:
•Средняя общеобразовательная школа №138;
•ВУЗ, ЮуРГу, парк им.Гагарина, 
Детский сад №438.
";"Двухкомнатные";"";"Квартира в центре, двушка в центре,";"Продается хорошая квартира в центре города.";"";"0";"0"
"373";"";"373-ul-molodogvardejjcev-58";"Ул. Молодогвардейцев № 58";"6656000";"6956000";"Трехкомнатная квартира на 5 этаже 16 этажного монолитно каркасного дома с площадью по свидетельству 112 м. кв. ";" Продается большая полноценная трехкомнатная квартира на пятом этаже элитного шестнадцатиэтажного жилого дома в самом центре Северо-Запада общей S 112 м2 . Квартира в отличном состоянии. Продумано все до мелочей!";" Продается большая полноценная трехкомнатная квартира на пятом этаже элитного шестнадцатиэтажного жилого дома в самом центре Северо-Запада общей S 112 м2 . Квартира в отличном состоянии. Продумано все до мелочей!

В квартире выполнен качественный современный дизайнерский ремонт. Сделана полная тепло-звукоизоляция (периметр квартиры и межкомнатные перегородки). Пол в комнатах покрыт ламинатом Tarkett. На кухне, в гардеробной, хоз.комнате и прихожей итальянский бесшовный кафель. Стены покрыты декоративной штукатуркой. В холле S 15,0 м2 авторское панно ручной работы. Многоуровневые гипсокартонные и наятяжные потолки высотой 2,8 м. Система кондиционирования Panasonic, теплые полы (кухня, ванная, гардеробная). Немецкие радиаторы отопления с возможностью изменения температуры обогрева (бойлер). Сделана внутренняя разводка под систему сигнализации, интернет (Wi-Fi), кабельное ТВ. Установлена элитная металлическая входная дверь с программируемыми итальянскими замками CISO.

Кухня S 12,5 м2. Остается кухонный гарнитур Lorena с богатым наполнением (Blum) и встроенной техникой: керамическая плита Electrolux, духовой шкаф Electrolux, посудомоечная машина Electrolux, вытяжка Krona. Многоуровневый фильтр очистки воды, водонагреватель (отдельно кухонный).
Зал S 28,0 м2

Детская комната S 19,0 м2. В детской комнате остается медийная стенка, два встроенных шкафа купе.
Спальня S 20,0 м2 В спальне большой встроенный шкаф купе.
Ванная комната S 4,5 м2 Оборудована испанской сантехникой ROCA и немецкими смесителями, а также гигиенической лейкой с термостатом. Ванная+душевая кабина. Унитаз с биде и инсталляцией. Большое встроенное зеркало с подсветкой, мозаика.
Гардеробная в прихожей S 2,5 м2 с наполнением. 
Хоз.комната S 3,0 м2 с наполнением, водонагревателем на 100 л (отдельно ванна), с возможностью установки стиральной машины и сушки для белья.

Две лоджии S 12,0 м2 (оборудована двумя большими встроенными шкафами) и S 4,0 м2. 
Также Вас ждет небольшой, но очень приятный сюрприз (кабинетик S 3,5 м2) 
В квартире остаются все шторы, светильники, бра, настенные крепления под ТВ. Никаких дыр в стенах.
В квартире установлен видеодомофон (подъезд+парковка). 
Дом расположен в очень удобном месте города.
В шаговой доступности школа № 123, школа № 78. Детский сад № 336, № 123. Магазины (Пятерочка, Магнит, Дикси, Красное Белое, минирынок) На первом этаже расположены два тренажерных зала. Круглосуточная служба консъержей. Чистый подъезд. Шлагбаум. На охраняемой парковке за квартирой закреплено удобное парковочное место. Дом полностью заселен, в доме тихо, ремонтные работы у соседей уже не ведутся.
Развязка автотранспорта во все направления. 

";"Трехкомнатные";"";"Продается квартира, Евро ремонт, Новый дом, Челгу.";"Продается квартира с ремонтом.";"new";"0";"0"
"374";"";"374-ul-elkina-76a";"Ул. Елькина 76а";"10000000";"11000000";"";" Продается трехкомнатная квартира в центре города.
Дом с огороженной территорией.
Окна квартиры выходят на Юг и север. 

";" Трёхкомнатная квартира повышенной комфортности в одном из привлекательнейших современных домов центра города, отличающегося не только удачным местоположением, но и высоким качеством строительства одного из лучших застройщиков города - компании НТМ.
Комфорт и уют созданы функциональным планировочным решением квартиры, высококачественной отделкой,""интересным"" интерьерным наполнением и зонированием. 
Квартира с ремонтом.
Гардеробная. 
Огороженная территория. 
Парковочная зона.
В шаговой доступности многоуровневая парковка.
Всего лишь 2 квартиры на площадке.

С уважением, Идрисов Артур.
";"Четырехкомнатные и более";"";"Центр, Площадь, элитные квартиры, ";"Продается элитная квартира.";"discount";"0";"0"
"380";"";"380-kronshtadtskaya-32";"кронштадтская 32";"1600000";"";"1-к. квартира, 97 серия, 7/10эт., 40.3кв.м.";" Уютный район с развитой инфраструктурой! е/окна, м/двери, с/у раздельный. состояние жилое, балкон застеклен. Один собственник 
Территория дома огорожена, калитки и входные двери в жилые секции оборудованы домофонами. 
Въезд автомобилей на придомовую парковку осуществляется через автоматические ворота. Детские площадки для детей. В шаговой доступности магазины и в доме разнообразные магазины, школа 47, детские сады, поликлиники№11, стоматология, стационар№11, остановки рядом, управляющая компания расположена в доме который обслуживает только этот дом. ";" ";"";"";"";"";"";"0";"0"
"386";"";"386-pao-ak-barc-bank";"ПАО АК БАРС Банк";"0";"";"Банк-партнер";" ";" ";"Компании партнеры";"";"";"";"";"0";"0"
"387";"";"387-pao-rossijjskijj-kapital";"ПАО Российский Капитал";"0";"";"Банк Партнер";" ";" ";"";"";"";"";"";"0";"0"
"388";"";"388-pao-primcocbank";"ПАО ПримСоцБанк";"0";"";"Банк-партнер";" ";" ";"Компании партнеры";"";"";"";"";"0";"0"
"389";"";"389-pao-chelyabinvestbank";"ПАО ЧелябинвестБанк";"0";"";"Банк-партнер";" ";" ";"Компании партнеры";"";"";"";"";"0";"0"
"390";"";"390-pao-absolyutbank";"ПАО АбсолютБанк";"0";"";"Банк-партнер";" ";" ";"Компании партнеры";"";"";"";"";"0";"0"
"395";"";"395-ul-blyukhera-9b";"ул. Блюхера д. 9б";"2250000";"";" 4к. квартира в центральном районе 75 кв.м.";" Продается 4к.Квартира в центральном районе.В районе пересечений улиц ДоватораБлюхера. О Квартире: произведена оклейка качественных обоев,в коридоре и гостиной комнате,натяжные потолки. Входных дверей - две, парадная-металлическая. По сантехнике,все в нормальном состоянии. Остаются два хороших встроенных шкаф купе . Приличные соседи. Окна выходят на три стороны , что придает квартире яркость в основное время суток . Рассмотрим варианты обмена на загородный дом.";" Продается 4к.Квартира в центральном районе.В районе пересечений улиц ДоватораБлюхера. О Квартире: произведена оклейка качественных обоев,в коридоре и гостиной комнате,натяжные потолки. Входных дверей - две, парадная-металлическая. По сантехнике,все в нормальном состоянии. Остаются два хороших встроенных шкаф купе . Приличные соседи. Окна выходят на три стороны , что придаЕт квартире яркость в основное время суток . Рассмотрим варианты обмена на загородный дом.";"Четырехкомнатные и более";"";"квартира на доватора, купить квартиру на амз, амз, квартира, купить квартиру,";"квартира на доватора, купить квартиру на амз, амз, квартира, купить квартиру";"";"0";"0"
"398";"";"398-kvartira-v-centre-goroda";"Квартира в центре города";"3400000";"";"Отличная квартира в центральном районе по проспекту Ленина 30А.
";"  Специалист по недвижимости Лилия тел. 8 922 700 11 20";"  Состояние квартиры отличное( натяжные потолки, межкомнатные двери, пластиковые окна). Большая лоджия полностью обшита деревом. Возможно оставить часть мебели.";"Трехкомнатные";"";"";"";"";"0";"0"
"399";"";"399-prostornaya-kvartira-po-kosareva-22";"Просторная квартира по Косарева 22";"1400000";"";"Теплая и светлая однокомнатная квартира";" Специалист по недвижимости Лилия, тел. 8 922 700 11 20";" Очень уютная, светлая квартира в самом начале Северозапада!
- Хороший кирпичный теплый дом, толстые стены. Звукоизоляция 
намного лучше, чем в панельных домах. Окна выходят на запад, 
во двор, нет шума и пыли с дорог.
- Удобный средний этаж, карман на 4 квартиры (ничем не 
захламлён). Отличная планировка. Большая комната почти 20 
метров с двумя окнами и балконом.
- Входная дверь металлическая,балкон отделан деревом, на полу 
линолеум.
- Большой двор с детскими и спортивными площадками. Есть 
парковка. В шаговой доступности поликлиника и больница, 
детский сад № 33, детский сад-ясли № 77, Челябинский техникум 
текстильной и легкой промышленности, несколько школ. Прямо в 
доме располагается магазин Магнит, в соседнем - Пятерочка. 
Рядом - салоны красоты, система город, фитнес-клуб и многое 
другое для комфортной жизни.
- Хорошая транспортная доступность.
- Любой вид расчета. 
- Звоните! Возможен торг.";"Однокомнатные";"";"";"";"";"0";"0"
"400";"";"400-3-kh-komn-kvartira";"3-х. комн. квартира";"2850000";"";"Квартира с хорошим ремонтом";" Отличный вариант для семьи. 
Специалист по недвижимости Лилия тел. 89227001120";" Детали: домофон. железная дверь. автостоянка, парковка. лифт. детская площадка. близость остановки. 
Очень уютная, светлая квартира в начале Северозапада!
- Кирпичный теплый дом, толстые стены. Звукоизоляция 
лучше, чем в панельных домах.
- Окна и балкон пластиковые. Вторая линия от дороги, 
нет шума и пыли.
- Средний этаж, карман на 4 квартиры.
- Индивидуальная планировка, все комнаты раздельные.
- Входная дверь металлическая, на полу ламинат, во всех комнатах 
натяжные потолки, в коридоре встроенные шкафы, межкомнатные 
двери.
- Большой двор с детскими и спортивными площадками. Есть 
парковка. В шаговой доступности поликлиника и больница, 
детский сад № 33, детский сад-ясли № 77, Челябинский 
техникум текстильной и легкой промышленности, несколько 
школ. Прямо в доме располагается магазин Магнит, в соседнем 
Пятерочка. 
- Рядом - салоны красоты, система город, фитнес-клуб и многое 
другое для комфортной жизни.
- Квартира продается с мебелью( заезжай и живи).
- Хорошая транспортная развязка,возможен торг.
- Звоните!";"Трехкомнатные";"";"";"";"hit";"0";"0"
"402";"Уютная квартира студия с большим балконом";"402-kvartira-studiya";"Квартира студия";"950000";"";"Уютная квартира студия с большим балконом";" ";" Квартира студия, в экологическом чистом микрорайоне ""Залесье"". Площадь 26,6 кв.м + 6 кв.м балкон. Во дворе находится городской аптечный склад, магазины ариант и магнит,  пятерочка, тренажерный зал, кулинарии, КБ, доставка суши, монетка, а так же детский сад.  Каждые 10 минут ходит маршрутное такси № 136, остановка расположена в трех минутах от дома. Через дорогу находится Управляющая компания. В микрорайоне Залесье закрытая территория, оснащенная видеонаблюдением и Контрольно пропускным пунктом. В подъезде очень чисто, соседи спокойные добрые люди. Установлены датчики движения, датчики пожарной безопасности, счетчики на воду и свет.  Парковочные места во дворе есть всегда. В подъезде есть место для хранения колясок/велосипедов. Квартира расположена в 1 подъезде на втором этаже. 1 взрослый собственник. В квартире никто не зарегистрирован. Возможно использование мат.капитала, помощь в оформлении ипотеки
http://anlikvid.ru/images/upload/111.jpg

http://anlikvid.ru/images/upload/IMG_0814.JPG

http://anlikvid.ru/images/upload/IMG_0817.JPG

http://anlikvid.ru/images/upload/IMG_0813.JPG

http://anlikvid.ru/images/upload/IMG_0820.JPG";"Студии";"";"";"";"new";"0";"1"
"403";"Уютная квартира студия + 2 спальни с 3 балконами";"403-kvartira-studiya-2-spalni";"Квартира студия + 2 спальни";"2450000";"2600000";"Уютная квартира студия + 2 спальни с 3 балконами";" Уютная квартира студия + 2 спальни с 3 балконами
http://anlikvid.ru/images/upload/iYhfD1LTvzc.jpg

http://anlikvid.ru/images/upload/eg7OvMkXHUI.jpg
http://anlikvid.ru/images/upload/4TlUaX1UZPU.jpg
http://anlikvid.ru/images/upload/jDQbJRxUTm8.jpg
http://anlikvid.ru/images/upload/TtPx6ik6b7w.jpg";" Квартира студия, в экологическом чистом микрорайоне ""Залесье"". Площадь 60,3 кв.м + 3 балкона по 5 кв.м. В ванной комнате установлен дополнительй радиатор, квартира очень теплая. В квартире сделан очень качественный и дорогой ремонт, установленна новая дверь, раздельный с/у. новым собственникам остается вся мебель и техника. По близости находится городской аптечный склад, магазины ариант и магнит, пятерочка, тренажерный зал, кулинарии, КБ, доставка суши, монетка, а так же детский сад. Каждые 10 минут ходит маршрутное такси № 136, остановка расположена в трех минутах от дома. В микрорайоне Залесье закрытая территория, оснащенная видеонаблюдением и Контрольно пропускным пунктом. В подъезде очень чисто, соседи спокойные добрые люди. Установлены датчики движения, датчики пожарной безопасности, счетчики на воду и свет. Парковочные места во дворе есть всегда. В подъезде есть место для хранения колясок/велосипедов. Квартира расположена на втором этаже. 1 взрослый собственник. Во дворе детская площадка. Дом построен в первой очереди, очень качественно. ";"Трехкомнатные";"";"";"";"discount";"0";"1"
"404";"";"404-kottedzh";"Коттедж";"3800000";"";"Отличный коттедж для большой семьи. пос.Чипышево, ул.Клубная 14";" Специалист по недвижимости Лилия тел. 89227001120";" Коттедж
2 этажа. Площадь - 304,7 кв.м. Земельный участок - 11,5 соток (по документам), 17 соток (по факту)
Месторасположение: Челябинская обл., Сосновский р-н, п. Чипышево, ул. Клубная, дом 14 (рядом с п. Полетаево 1.
Дом из шлакоблока, утеплен мин. плитой. Дом обнесён металлическим забором.Отделка снаружи - декоративный камень (не пластик).
Внутренняя отделка - предчистовая. 1 этаж - штукатурка, 2 этаж - обшит влагостойким ДСП. Цоколь без отделки. 
Коммуникации: электричество, отопление электрическое, канализация - яма выгребная на 7 кубов, центральный холодный водопровод, горячая вода через нагревательный котёл. Газификация посёлка в 2019 году. Подъездная дорога к дому широкая, грунтовая.
В поселке большой выбор магазинов (от продуктовых до строительных), детский сад, школа, библиотека, поликлиника, аптеки.Транспорт: маршрутное такси, электричка. 
Документы: на дом и на земельный участок имеются свидетельства о регистрации права собственности (зелёнки)";"Дома, коттеджи, таунхаусы, сады";"";"";"";"hit";"0";"0"
"405";"";"405-uyutnaya-trekhkomnatnaya-kvartira";"Уютная трехкомнатная квартира";"2500000";"";"Отличная трехкомнатная квартира с ремонтом!";" Квартира с отличным ремонтом";" Продается уютная 3 - комнатная квартира. Квартира расположена на 4 этаже 5 этажного дома, в доме чистые подъезды, на этаже всего 2 квартиры! Соседи тихие, спокойные. Выгодная планировка распашонка, комнаты расположены справа и по центру от коридора, смежных комнат нет! В квартире сделан качественный ремонт из качественных материалов, установлены качественные пластиковые окна,выравнены стены и потолки, большая ванная комната в кафеле до потолка, большая угловая ванна, остаются два встроенных шкафа - купе с зеркалами, кухонный гарнитур. Есть гардероб, а так же отдельная площадь перед входной дверью, дверь усиленная Torex. Удобное расположение позволит вам как новому владельцу использовать все преимущества развитой инфраструктуры. В шаговой доступности центральные магазины ( ТРК Фокус, Теорема, Цитрус, Магнит, Аптеки), поликлиники, учебные заведения (школа и 2 детских сада расположены во дворе). Полностью поменяна проводка (включая автоматы, и счетчики), так же поменяна сантехника (включая стояк). Квартира ищет нового заботливого хозяина. Реальному покупателю с наличкой торг!!!
http://anlikvid.ru/images/upload/1.JPG
http://anlikvid.ru/images/upload/2.JPG
http://anlikvid.ru/images/upload/3.JPG
http://anlikvid.ru/images/upload/4.JPG
http://anlikvid.ru/images/upload/6.jpg
http://anlikvid.ru/images/upload/8.jpg
http://anlikvid.ru/images/upload/10.jpg
http://anlikvid.ru/images/upload/IMG_2994.JPG
http://anlikvid.ru/images/upload/IMG_2995.JPG
http://anlikvid.ru/images/upload/IMG_2996.JPG";"Трехкомнатные";"";"";"Отличная трехкомнатная квартира с ремонтом!";"hit";"0";"0"
"406";"";"406-odnokomnatnaya-kvartira-s-mebelyu";"Однокомнатная квартира с мебелью";"1400000";"1450000";"Однокомнатная квартира с мебелью";" Однокомнатная квартира в Центре";"  Продам однокомнатную квартиру в центре города. Квартира расположена на 4 этаже. Балкон застеклен. Новым владельцам остается приятный бонус в виде: стиральной машины, микроволновки, холодильника, кухонного гарнитура, телевизора, и нового шкафа купе. Соседи хорошие, спокойные. В подъезде очень чисто. По близости школа № 147, городская больница № 1. Остановка Южная. Дом расположен рядом с улицами, Свердловский проспект, Воровского, Сони кривой, Красная. 
http://anlikvid.ru/images/upload/_ZVl4X8hO2Y.jpg
http://anlikvid.ru/images/upload/lqwUonqzQz8.jpg
http://anlikvid.ru/images/upload/MPB4_fjkI1M.jpg
http://anlikvid.ru/images/upload/qlzU_mX21gE.jpg
http://anlikvid.ru/images/upload/zFQ9aKwldNw.jpg";"Однокомнатные";"";"";"";"discount";"0";"1"
"407";"";"407-zemelnyjj-uchastok";"Земельный Участок ";"950000";"1150000";"Земельный участок. 10 соток";" Продам земельный участок в поселке Северный. 5 минут до шершней, 15 минут до центра города. Подведено электричество";" Продам земельный участок в поселке Северный. 5 минут до шершней, 15 минут до центра города. Подведено электричество";"Дома, сады, земельные участки";"";"";"";"hit";"0";"0"
"429";"";"429-3-komnkvartirabejjvelya-ul-d-6";"3-комн.	квартира	Бейвеля ул, д. 6";"11900000";"12700000";"Квартира с дизайнерским, дорогим ремонтом. Кухня-гостиная+две комнаты, два сан.узла.";" ";" ";"Студии,Трехкомнатные,Четырехкомнатные и более";"";"";"";"hit";"0";"0"
"431";"";"431-dvukhkomnatnaya-kvartira";"Двухкомнатная квартира";"1600000";"1800000";"Уютная двухкомнатная квартира";" Уютная двухкомнатная квартира";" Отличная двухкомнатная квартира площадью 44,1 кв. м.
2 этаж пятиэтажного дома, 6 подъезд, 3 линия от дороги, что очень удобно. Не пыльно, но в пяти минутах от остановки. Двор не сквозной. 
Окна выходят на соседние дворы.

Площадь комнат: 12кв.м + 16 кв.м
Уютный балкон 6 кв.м. Со встроенным шкафом.
Окна в комнатах пластиковые. 
Кухонный гарнитур новый, был установлен в 2017 году 
Соседи все хорошие 
Во дворе Лицей№97, детский сад в Лицее, через дорогу Гимназия №23, ещё 6-7 штук детских садов. 
http://anlikvid.ru/images/upload/IMG_20181209_190837.jpg
http://anlikvid.ru/images/upload/IMG_20181209_190851.jpg
http://anlikvid.ru/images/upload/IMG_20181210_185933.jpg
http://anlikvid.ru/images/upload/IMG_20181210_220228.jpg";"Двухкомнатные";"";"";"";"hit";"0";"0"
"432";"";"432-mkr-vishnevaya-gorka";"мкр ""Вишневая горка""";"1570000";"1670000";"Студия +спальня";" Продам уютную квартиру в экологически чистом микрорайоне ""Вишневая горка"".";" Продам уютную квартиру в экологически чистом микрорайоне ""Вишневая горка"". 
Площадь квартиры 41,8 кв.м. Студия + спальня.
Комната  12 кв.м +23 кв.м
С/у совмещенный 6 кв.м.
Уютный застекленный балкон 6 кв.м
Квартира не угловая,  куплена на стадии строительства, но в ней никто не проживал. Окна выходят во двор. В соседнем доме УК, До остановки 3 минуты. Через дорогу находится детский сад, множество магазинов (Магнит, Монетка, Пятерочка, Ариант, Продовольственные), Аптеки,Кафе, Ходит маршрутное такси 136, а так же автобус. Во все направления города, каждые 10 минут.  
Территория микрорайона, оснащена видеонаблюдением. 
ОБРЕМЕНЕНИЙ НИКАКИХ НЕТ! Куплена за наличку! Долгов и прописанных нет.  Готовы выйти на сделку в любое время. 
Поможем вам оформить ипотеку, на выгодных условиях ведущих банков - партнеров. рассмотрим оплату сертификатами, просмотр в любое удобное время. Реальному покупателю возможен небольшой торг
http://anlikvid.ru/images/upload/x2JD3EF7SM8.jpg
http://anlikvid.ru/images/upload/wD_1Ydoz5GM.jpg
http://anlikvid.ru/images/upload/WwOZ-ubQ5VA.jpg";"Двухкомнатные";"";"";"";"hit";"0";"0"
"434";"";"434-2-kh-komnatnaya-kvartira-kaslinskijj-rajjon";"2-х комнатная квартира, Каслинский район";"2060000";"";"Уютная 2-х комнатная квартира в спальном районе города. ";" Современная, эксклюзивная 2-х комнатная квартира. Квартира полностью подготовлена к комфортному проживанию. Квартира 97 серии. Все комнаты раздельные. Окна выходят на разные стороны, не уголовая, окна находятся высоко от земли.

Современный ремонт, межкомнатные двери, евроокна, натяжные потолки, ламинат, железная входная дверь.
Квартира без долгов и обременений. ";" Современная, эксклюзивная 2-х комнатная квартира. 
В шаговой доступности улицы Чичерина, Салавата Юлаева, Братьев Кашириных. 

Квартира полностью подготовлена к комфортному проживанию. Квартира 97 серии. Все комнаты раздельные. Окна выходят на разные стороны, не уголовая, окна находятся высоко от земли.

Современный ремонт, межкомнатные двери, евроокна, натяжные потолки, ламинат, железная входная дверь.

Санузел совмещен. Сделан качественный ремонт. поменяна вся сантехника, счетчики менялись в 2018 году.

 Инфраструктура:
- Детский сад 482 (на него выходят окна меньшей комнаты),
- Школа №129,
- В шаговой доступности л/а ""Трактор"", супермаркеты, аптеки, остановки. 

Удобная транспортная развязка.

Квартира без долгов и обременений. 

Квартира подходит под покупку в ипотеку, с помощью материнского капитала, для всех видов жилищных сертификатов.

Поможем в одобрении ипотеки на выгодных условиях от ведущих банков города Челябинска.

Все лучшие предложения под Ваш запрос смотрите внизу объявления, нажав название нашей компании Агенство недвижимости ""Ликвид""


http://anlikvid.ru/images/upload/_AnGWVdY_eI.jpg
http://anlikvid.ru/images/upload/pXr5dCTD6nw.jpg
http://anlikvid.ru/images/upload/CLmQ24uZaZc.jpg
http://anlikvid.ru/images/upload/OC_rTubfHyM.jpg
http://anlikvid.ru/images/upload/bebHu2moXkQ.jpg
http://anlikvid.ru/images/upload/pUUrlnXp3A0.jpg
http://anlikvid.ru/images/upload/0ii4I9cw-6c.jpg
http://anlikvid.ru/images/upload/jaM4KcTSdtI.jpg
http://anlikvid.ru/images/upload/nejM653ciMI.jpg";"Вторичная недвижимость,Двухкомнатные";"";"квартира, 2х комнатная, уютная, светлая, теплая, просторная";"Квартира полностью подготовлена к комфортному проживанию. Квартира 97 серии. Все комнаты раздельные. Окна выходят на разные стороны, не уголовая, окна находятся высоко от земли.

Современный ремонт, межкомнатные двери, евроокна, натяжные потолки, ламинат, железная входная дверь.";"new";"0";"0"
"435";"";"435-uyutnaya-dvukhkomnatnaya-kvartira-na-protiv-kinomaks-ural";"Уютная двухкомнатная квартира на против киномакс Урал";"1950000";"2005000";"Продается 2-х комнатная квартира в самом центре города.";" Остановка Южная, публичная библиотека, Алое поле. Проспект Ленина. Соседи тихие, спокойные, приветливые. Во дворе детская площадка. Готовы рассмотреть различные формы оплаты, в том числе ипотеку. Реальному покупателю готовы предоставить разумный торг. Показ возможен в удобное для Вас время. ";" Продается 2-х комнатная квартира в самом центре города. Квартира после ремонта, (ламинат) заменены окна, проводка и сантехника, после продажи остается частично мебель и техника. Так же в квартире есть кладовая 1*2,5. Окна квартиры выходят во двор на детскую площадку, что избавит Вас от шума и пыли дорог. В районе хорошо развита инфраструктура, в шаговой доступности школа 98, несколько детских садиков, все необходимые магазины и ТРК Урал. Остановка Южная, публичная библиотека, Алое поле. Проспект Ленина. Соседи тихие, спокойные, приветливые. Во дворе детская площадка. Готовы рассмотреть различные формы оплаты, в том числе ипотеку. Реальному покупателю готовы предоставить разумный торг. Показ возможен в удобное для Вас время. 
http://anlikvid.ru/images/upload/J4J9TOgI4cY.jpg
http://anlikvid.ru/files/RWe-h_VyBp8.jpg
http://anlikvid.ru/files/_UpD0VLqiis.jpg";"Двухкомнатные";"";"";"";"hit";"0";"0"
"438";"";"438-ao-gazprombank";"АО Газпромбанк";"0";"";"Банк Партнер";" ";" Банк-партнер";"Компании партнеры";"";"";"";"";"0";"0"
"439";"";"439-privilegiya";"""Привилегия""";"1180000";"";"Клубный поселок";" Привилегия — клубный поселок комфорт-класса, расположенный на берегу Шершневского водохранилища в 15 минутах от центра Челябинска.

Личный выход на крышу, камины в квартирах и террасы на первых этажах, внутренние дворы, организованные по принципу частного сада, лес вокруг и деревья внутри поселка предоставляют жителям Привилегии возможность дышать чистым воздухом, оставаясь при этом в пределах Челябинской агломерации. ";" ";"Новостройки";"";"привилегия, клубный поселок, просторы, залесье, вишневая горка, белый хутор";"клубный поселок привилегия, привилегия челябинск, белый хутор челябинск";"";"1";"0"
"440";"";"440-kvartal-o2";"""Квартал О2""";"1182000";"";"Жилой комплекс ""Квартал О2""";" О2 – это не только формула кислорода, но и название нового жилого квартала в экологически чистом районе.

Жилой комплекс « Квартал О2» полностью оправдывает свое название. Еще только подъезжая к домам, вы почувствуете, что здесь дышится легко и полной грудью. Здесь царит атмосфера спорта, уюта и красоты.

Жилой комплекс расположен в экологически чистом районе города АМЗ, где нет промышленных предприятий, рядом с великолепной березовой рощей.";" «Квартал О2» объединил то, что так ценит современный житель мегаполиса:  доступности центра Челябинска и чистого воздуха, благ цивилизации и нетронутого леса прямо за окнами.

«Квартал О2» -это комплекс, состоящий из четырех десятиэтажных домов с благоустроенной придомовой территорией. В самом жилом комплексе будет построено 970 квартир.

Одно из главных преимуществ комплекса – максимум форматов, метражей и планировок жилья: 1-, 2- и 3-комнатные квартиры, а также квартиры-студии.
Удобные и разнообразные варианты планировок, подойдут как семейным парам или семьям с детьми, так и одиноким жильцам. 
Фасады зданий в жилом комплексе «Квартал О2 созданы по уникальным дизайнерским проектам и отличаются эстетическим совершенством. Скоростные лифты обладают звукопоглощающими характеристиками и соответствуют требованиям безопасной эксплуатации. 

Проектом жилого комплекса и генеральным планом данной территории предусмотрена полная линейка инфраструктуры.

Закрытая придомовая территория отличается отличатся особой ухоженностью и привлекательностью для жильцов всех возрастов.
Детская площадка для детей, и спортивная площадка для любителей спорта.
Зоны отдыха для молодых мам и пенсионеров.
Удобные пешеходные дорожки, зеленые насаждения и цветники у каждого подъезда, помогут проводить часы досуга в комфортной обстановке.
Березовая роща, которая примыкает к жилому комплексу, станет отличным местом для семейного отдыха, проведения пикников и спортивных мероприятий. 
ООО ПСК ""Строй-Т"" на протяжении многих лет создаёт комфортную среду для жизни людей, развивая передовые технологии. Наша компания - это высокий уровень и гарантии, которые доказаны временем и подтверждены построенными объектами.";"Новостройки";"";"квартал О2, О2, квартиры";"квартал О2 Челябинск, квартал О2, квартал 02, квартал о2 амз";"";"1";"0"
"441";"";"441-zhk-yaroslavskijj";"ЖК ""Ярославский""";"1190000";"";"Жилой комплекс ""Ярославский""";" Большой и современный жилой комплекс «Ярославский» - это несколько разноэтажных домов в монолитно-каркасном исполнении и серии «Таганай» в экологически чистом районе возле пляжа Шершневского водохранилища, вблизи Изумрудного карьера.";" ";"Новостройки";"ярославский, жк, квартиры, челябинск";"жк ярославский";"жилой комплекс ярославский";"";"1";"0"
"442";"";"442-dom-rf";"Дом РФ";"0";"";"";" Банк Партнер";" Банк Партнер";"Компании партнеры";"";"";"";"";"0";"0"